{
  "best_model": "LogisticRegression",
  "threshold": 0.37999999999999995,
  "roc_auc": 0.7964510293737617,
  "classification_report": {
    "0": {
      "precision": 0.9417989417989417,
      "recall": 0.7206477732793523,
      "f1-score": 0.8165137614678899,
      "support": 247.0
    },
    "1": {
      "precision": 0.34285714285714286,
      "recall": 0.7659574468085106,
      "f1-score": 0.47368421052631576,
      "support": 47.0
    },
    "accuracy": 0.7278911564625851,
    "macro avg": {
      "precision": 0.6423280423280423,
      "recall": 0.7433026100439315,
      "f1-score": 0.6450989859971028,
      "support": 294.0
    },
    "weighted avg": {
      "precision": 0.8460497426483821,
      "recall": 0.7278911564625851,
      "f1-score": 0.7617076767935567,
      "support": 294.0
    }
  },
  "confusion_matrix": [
    [
      178,
      69
    ],
    [
      11,
      36
    ]
  ],
  "shap_summary_saved": true
}